,F1,F2,C_low,C_mid,C_high,S1_low,S1_mid,S1_high,S2_low,S2_mid,S2_high,R_low,R_mid,R_high,B_low,B_mid,B_high,V_low,V_mid,V_high,T_low,T_mid,T_high,Sh_low,Sh_mid,Sh_high,K_low,K_mid,K_high,N_low,N_mid,N_high
ds2_2_airplane01,0.562500,0.468750,1.000000,0.937500,0.875000,0.937500,0.843750,0.750000,0.875000,0.718750,0.625000,0.875000,0.812500,0.656250,1.000000,1.000000,1.000000,0.968750,0.875000,0.812500,1.000000,1.000000,1.000000,1.000000,1.000000,1.000000,0.937500,0.906250,0.843750,1.000000,1.000000,1.000000
ds2_2_airplane02,0.531250,0.500000,0.968750,0.875000,0.843750,0.906250,0.843750,0.718750,0.906250,0.843750,0.750000,0.937500,0.812500,0.718750,0.968750,0.968750,0.968750,0.968750,0.937500,0.875000,0.968750,0.968750,0.968750,1.000000,0.968750,0.968750,0.968750,0.906250,0.875000,1.000000,1.000000,0.968750
ds2_2_airplane03,0.500000,0.531250,0.937500,0.875000,0.875000,0.968750,0.750000,0.718750,0.906250,0.843750,0.687500,0.937500,0.812500,0.750000,1.000000,1.000000,0.968750,1.000000,0.906250,0.843750,1.000000,1.000000,1.000000,1.000000,1.000000,1.000000,1.000000,0.937500,0.875000,1.000000,1.000000,1.000000
ds2_2_airplane04,0.531250,0.468750,0.968750,0.906250,0.812500,0.937500,0.875000,0.750000,0.968750,0.781250,0.718750,0.968750,0.843750,0.687500,1.000000,1.000000,1.000000,0.968750,0.937500,0.843750,1.000000,1.000000,1.000000,1.000000,1.000000,1.000000,1.000000,0.968750,0.968750,1.000000,1.000000,1.000000
ds2_2_airplane05,0.562500,0.500000,0.968750,0.937500,0.906250,0.937500,0.843750,0.718750,0.937500,0.875000,0.750000,0.875000,0.843750,0.718750,0.968750,1.000000,1.000000,0.968750,0.937500,0.843750,1.000000,1.000000,1.000000,1.000000,1.000000,1.000000,1.000000,0.937500,0.937500,1.000000,1.000000,1.000000
ds2_2_airplane06,0.468750,0.562500,1.000000,1.000000,0.968750,0.937500,0.843750,0.718750,1.000000,0.906250,0.750000,0.968750,0.906250,0.718750,1.000000,1.000000,1.000000,1.000000,0.843750,0.843750,1.000000,1.000000,1.000000,1.000000,1.000000,1.000000,0.968750,0.937500,0.937500,1.000000,1.000000,1.000000
ds2_2_airplane07,0.468750,0.500000,0.968750,0.937500,0.843750,0.906250,0.843750,0.750000,0.843750,0.750000,0.687500,0.906250,0.812500,0.593750,1.000000,1.000000,1.000000,1.000000,0.906250,0.781250,1.000000,1.000000,1.000000,1.000000,1.000000,1.000000,0.968750,0.906250,0.843750,1.000000,1.000000,1.000000
ds2_2_airplane08,0.500000,0.531250,1.000000,0.968750,0.968750,0.906250,0.875000,0.781250,0.968750,0.812500,0.750000,1.000000,0.937500,0.750000,1.000000,1.000000,1.000000,1.000000,1.000000,0.906250,1.000000,1.000000,1.000000,1.000000,1.000000,1.000000,1.000000,1.000000,0.906250,1.000000,1.000000,1.000000
ds2_2_airplane09,0.562500,0.468750,0.968750,0.968750,0.906250,0.906250,0.812500,0.750000,0.875000,0.812500,0.781250,0.906250,0.812500,0.718750,1.000000,0.968750,0.968750,1.000000,0.937500,0.875000,1.000000,1.000000,1.000000,1.000000,1.000000,1.000000,1.000000,0.906250,0.812500,1.000000,1.000000,1.000000
ds2_2_airplane10,0.562500,0.562500,0.937500,0.875000,0.781250,0.906250,0.781250,0.718750,0.906250,0.843750,0.718750,0.906250,0.843750,0.687500,1.000000,1.000000,1.000000,1.000000,0.968750,0.812500,1.000000,1.000000,1.000000,1.000000,1.000000,1.000000,1.000000,0.937500,0.906250,1.000000,1.000000,1.000000
ds2_2_bird01,0.500000,0.500000,0.968750,0.906250,0.875000,0.906250,0.781250,0.656250,0.968750,0.843750,0.750000,0.875000,0.781250,0.625000,1.000000,1.000000,1.000000,1.000000,1.000000,0.875000,1.000000,1.000000,1.000000,1.000000,1.000000,1.000000,1.000000,0.968750,0.937500,1.000000,1.000000,1.000000
ds2_2_bird02,0.468750,0.500000,0.968750,0.906250,0.843750,0.937500,0.843750,0.750000,0.937500,0.843750,0.750000,0.937500,0.843750,0.718750,1.000000,1.000000,1.000000,1.000000,0.968750,0.843750,1.000000,0.968750,1.000000,1.000000,1.000000,1.000000,0.968750,0.968750,0.906250,1.000000,1.000000,1.000000
ds2_2_bird03,0.562500,0.500000,0.937500,0.875000,0.781250,0.906250,0.687500,0.625000,0.906250,0.812500,0.687500,0.937500,0.781250,0.625000,1.000000,0.968750,0.968750,0.968750,0.906250,0.812500,1.000000,1.000000,1.000000,1.000000,1.000000,0.968750,1.000000,0.906250,0.843750,1.000000,1.000000,1.000000
ds2_2_bird04,0.531250,0.500000,0.937500,0.906250,0.843750,0.875000,0.812500,0.656250,0.906250,0.812500,0.687500,0.937500,0.875000,0.812500,1.000000,0.968750,0.968750,1.000000,0.937500,0.843750,1.000000,1.000000,1.000000,1.000000,1.000000,1.000000,0.968750,0.937500,0.875000,1.000000,1.000000,1.000000
ds2_2_bird05,0.531250,0.531250,0.968750,0.906250,0.875000,0.843750,0.781250,0.687500,0.937500,0.812500,0.750000,0.812500,0.718750,0.656250,1.000000,1.000000,1.000000,0.968750,0.968750,0.875000,1.000000,1.000000,1.000000,1.000000,1.000000,1.000000,0.937500,0.875000,0.781250,1.000000,1.000000,1.000000
ds2_2_bird06,0.531250,0.500000,0.968750,0.937500,0.906250,0.906250,0.812500,0.718750,0.937500,0.875000,0.718750,0.968750,0.875000,0.875000,1.000000,1.000000,0.968750,0.968750,0.937500,0.875000,1.000000,1.000000,1.000000,1.000000,1.000000,1.000000,0.968750,0.937500,0.906250,0.968750,1.000000,0.968750
ds2_2_bird07,0.468750,0.531250,1.000000,0.968750,0.937500,0.906250,0.750000,0.687500,0.937500,0.843750,0.718750,0.937500,0.812500,0.781250,1.000000,1.000000,1.000000,1.000000,0.937500,0.812500,1.000000,1.000000,1.000000,1.000000,1.000000,1.000000,0.968750,0.906250,0.843750,1.000000,1.000000,1.000000
ds2_2_bird08,0.531250,0.500000,0.937500,0.812500,0.812500,0.937500,0.812500,0.781250,0.875000,0.750000,0.656250,0.906250,0.812500,0.656250,1.000000,1.000000,1.000000,0.937500,0.875000,0.812500,1.000000,1.000000,1.000000,1.000000,1.000000,1.000000,1.000000,0.937500,0.906250,1.000000,1.000000,1.000000
ds2_2_bird09,0.531250,0.531250,1.000000,0.906250,0.812500,0.937500,0.781250,0.656250,0.906250,0.812500,0.656250,0.843750,0.781250,0.625000,1.000000,1.000000,1.000000,1.000000,0.937500,0.843750,1.000000,1.000000,0.968750,1.000000,0.968750,0.968750,0.968750,0.937500,0.875000,1.000000,1.000000,1.000000
ds2_2_bird10,0.500000,0.500000,0.968750,0.875000,0.843750,0.875000,0.750000,0.687500,0.906250,0.812500,0.625000,0.875000,0.812500,0.718750,0.968750,0.968750,0.968750,0.968750,0.906250,0.781250,0.968750,0.968750,0.968750,0.968750,0.968750,0.968750,0.968750,0.937500,0.937500,0.968750,1.000000,1.000000
ds2_2_car01,0.562500,0.437500,0.968750,0.937500,0.812500,0.875000,0.718750,0.718750,0.906250,0.812500,0.718750,0.875000,0.812500,0.625000,1.000000,1.000000,1.000000,1.000000,0.937500,0.875000,1.000000,1.000000,1.000000,1.000000,1.000000,1.000000,1.000000,0.906250,0.843750,1.000000,1.000000,1.000000
ds2_2_car02,0.500000,0.406250,0.968750,0.937500,0.875000,0.843750,0.718750,0.625000,0.906250,0.781250,0.687500,0.875000,0.812500,0.656250,1.000000,0.968750,0.937500,0.968750,0.843750,0.781250,1.000000,1.000000,1.000000,1.000000,0.968750,0.968750,0.968750,0.875000,0.875000,1.000000,1.000000,1.000000
ds2_2_car03,0.500000,0.468750,0.968750,0.906250,0.875000,0.937500,0.843750,0.718750,0.906250,0.750000,0.656250,0.906250,0.781250,0.687500,1.000000,1.000000,1.000000,1.000000,0.968750,0.937500,1.000000,1.000000,1.000000,1.000000,1.000000,1.000000,1.000000,0.937500,0.937500,1.000000,1.000000,1.000000
ds2_2_car04,0.500000,0.468750,0.968750,0.968750,0.906250,0.937500,0.843750,0.750000,0.968750,0.781250,0.718750,0.937500,0.812500,0.718750,1.000000,1.000000,1.000000,1.000000,0.937500,0.843750,1.000000,1.000000,1.000000,1.000000,1.000000,1.000000,1.000000,0.937500,0.906250,1.000000,1.000000,1.000000
ds2_2_car05,0.468750,0.531250,0.906250,0.843750,0.812500,0.843750,0.750000,0.718750,0.906250,0.812500,0.656250,0.843750,0.781250,0.687500,1.000000,1.000000,0.968750,0.968750,0.843750,0.781250,1.000000,1.000000,1.000000,1.000000,1.000000,1.000000,0.937500,0.906250,0.843750,1.000000,1.000000,1.000000
ds2_2_car06,0.437500,0.500000,0.937500,0.875000,0.812500,0.937500,0.812500,0.718750,0.906250,0.781250,0.656250,0.906250,0.843750,0.625000,1.000000,0.968750,0.968750,0.968750,0.906250,0.750000,1.000000,1.000000,0.968750,1.000000,1.000000,1.000000,0.968750,0.937500,0.937500,1.000000,1.000000,1.000000
ds2_2_car07,0.500000,0.500000,0.937500,0.937500,0.875000,0.906250,0.750000,0.625000,0.906250,0.812500,0.750000,0.937500,0.843750,0.687500,1.000000,1.000000,1.000000,0.968750,0.937500,0.875000,1.000000,1.000000,1.000000,1.000000,1.000000,1.000000,0.968750,0.937500,0.875000,1.000000,1.000000,1.000000
ds2_2_car08,0.500000,0.500000,0.968750,0.906250,0.875000,0.906250,0.812500,0.750000,0.906250,0.812500,0.687500,0.906250,0.781250,0.718750,1.000000,1.000000,1.000000,1.000000,0.968750,0.906250,1.000000,1.000000,1.000000,1.000000,1.000000,1.000000,0.968750,0.937500,0.906250,1.000000,1.000000,1.000000
ds2_2_car09,0.500000,0.531250,0.968750,0.937500,0.843750,0.906250,0.812500,0.750000,0.937500,0.875000,0.750000,0.937500,0.906250,0.687500,0.968750,1.000000,1.000000,0.968750,0.968750,0.937500,1.000000,1.000000,1.000000,0.968750,0.968750,1.000000,0.968750,0.937500,0.906250,1.000000,1.000000,1.000000
ds2_2_car10,0.468750,0.468750,0.968750,0.906250,0.843750,0.937500,0.812500,0.718750,0.937500,0.812500,0.718750,0.937500,0.906250,0.718750,1.000000,0.968750,0.968750,1.000000,0.937500,0.812500,1.000000,1.000000,1.000000,1.000000,0.968750,0.968750,0.968750,0.968750,0.937500,1.000000,1.000000,1.000000
ds2_2_cat01,0.500000,0.500000,0.937500,0.906250,0.875000,0.937500,0.875000,0.750000,0.906250,0.812500,0.718750,0.875000,0.843750,0.718750,1.000000,1.000000,1.000000,1.000000,1.000000,0.843750,1.000000,1.000000,1.000000,1.000000,1.000000,1.000000,1.000000,0.968750,0.906250,1.000000,1.000000,1.000000
ds2_2_cat02,0.500000,0.468750,0.937500,0.843750,0.781250,0.906250,0.750000,0.593750,0.843750,0.781250,0.750000,0.937500,0.812500,0.781250,1.000000,1.000000,0.968750,1.000000,0.937500,0.937500,1.000000,1.000000,1.000000,1.000000,1.000000,1.000000,0.937500,0.937500,0.937500,1.000000,1.000000,1.000000
ds2_2_cat03,0.500000,0.500000,0.968750,0.937500,0.843750,0.906250,0.781250,0.687500,0.937500,0.843750,0.687500,0.875000,0.812500,0.593750,1.000000,1.000000,1.000000,1.000000,0.937500,0.906250,1.000000,1.000000,1.000000,1.000000,1.000000,1.000000,0.968750,0.937500,0.875000,1.000000,1.000000,1.000000
ds2_2_cat04,0.531250,0.531250,0.968750,0.968750,0.906250,0.937500,0.843750,0.718750,0.875000,0.843750,0.687500,0.968750,0.875000,0.718750,1.000000,1.000000,1.000000,1.000000,0.968750,0.875000,1.000000,1.000000,1.000000,1.000000,1.000000,1.000000,0.968750,0.937500,0.875000,1.000000,1.000000,1.000000
ds2_2_cat05,0.468750,0.500000,0.968750,0.906250,0.843750,0.968750,0.906250,0.750000,0.906250,0.812500,0.718750,0.937500,0.906250,0.875000,1.000000,1.000000,1.000000,1.000000,0.968750,0.906250,1.000000,1.000000,1.000000,1.000000,1.000000,1.000000,1.000000,0.968750,0.937500,1.000000,1.000000,1.000000
ds2_2_cat06,0.500000,0.468750,1.000000,0.968750,0.906250,0.937500,0.781250,0.718750,0.937500,0.812500,0.718750,0.937500,0.843750,0.781250,1.000000,1.000000,1.000000,0.968750,0.968750,0.906250,1.000000,1.000000,1.000000,1.000000,1.000000,1.000000,0.968750,0.937500,0.906250,1.000000,1.000000,1.000000
ds2_2_cat07,0.468750,0.593750,0.968750,0.937500,0.906250,0.968750,0.750000,0.593750,0.937500,0.843750,0.781250,0.906250,0.906250,0.781250,1.000000,1.000000,1.000000,1.000000,0.937500,0.843750,1.000000,1.000000,1.000000,1.000000,1.000000,1.000000,1.000000,0.937500,0.875000,1.000000,1.000000,1.000000
ds2_2_cat08,0.468750,0.531250,0.968750,0.937500,0.906250,0.937500,0.812500,0.750000,0.875000,0.687500,0.625000,0.937500,0.812500,0.687500,1.000000,1.000000,1.000000,1.000000,0.937500,0.812500,1.000000,1.000000,1.000000,1.000000,1.000000,1.000000,1.000000,0.968750,0.875000,1.000000,1.000000,1.000000
ds2_2_cat09,0.500000,0.562500,0.968750,0.937500,0.875000,0.937500,0.812500,0.687500,0.906250,0.843750,0.750000,0.875000,0.843750,0.656250,1.000000,1.000000,1.000000,1.000000,0.937500,0.843750,1.000000,1.000000,1.000000,1.000000,1.000000,1.000000,1.000000,0.937500,0.906250,1.000000,1.000000,1.000000
ds2_2_cat10,0.500000,0.500000,0.937500,0.906250,0.812500,0.906250,0.718750,0.656250,0.937500,0.843750,0.718750,0.843750,0.781250,0.656250,1.000000,0.968750,0.968750,0.968750,0.937500,0.812500,1.000000,1.000000,1.000000,1.000000,1.000000,1.000000,0.968750,0.906250,0.875000,0.968750,1.000000,0.968750
ds2_2_chair01,0.500000,0.562500,0.875000,0.781250,0.750000,0.875000,0.781250,0.687500,0.968750,0.843750,0.781250,0.875000,0.812500,0.687500,1.000000,1.000000,1.000000,1.000000,0.937500,0.906250,1.000000,1.000000,1.000000,1.000000,1.000000,1.000000,0.937500,0.875000,0.843750,1.000000,1.000000,1.000000
ds2_2_chair02,0.531250,0.531250,0.968750,0.906250,0.781250,0.968750,0.843750,0.781250,0.906250,0.812500,0.687500,0.937500,0.812500,0.656250,1.000000,1.000000,1.000000,1.000000,0.937500,0.875000,1.000000,1.000000,1.000000,1.000000,1.000000,1.000000,1.000000,0.937500,0.906250,1.000000,1.000000,1.000000
ds2_2_chair03,0.500000,0.500000,1.000000,0.937500,0.906250,0.906250,0.750000,0.687500,0.968750,0.875000,0.750000,0.937500,0.875000,0.781250,1.000000,1.000000,1.000000,1.000000,0.968750,0.875000,1.000000,1.000000,1.000000,1.000000,1.000000,1.000000,1.000000,0.968750,0.875000,1.000000,1.000000,1.000000
ds2_2_chair04,0.500000,0.468750,0.968750,0.875000,0.812500,0.843750,0.781250,0.718750,0.906250,0.812500,0.750000,0.937500,0.875000,0.718750,1.000000,1.000000,0.968750,1.000000,0.937500,0.875000,1.000000,1.000000,1.000000,1.000000,0.968750,0.968750,0.937500,0.906250,0.843750,1.000000,1.000000,1.000000
ds2_2_chair05,0.562500,0.468750,0.968750,0.937500,0.906250,0.875000,0.812500,0.687500,0.968750,0.875000,0.687500,0.875000,0.812500,0.687500,1.000000,1.000000,1.000000,1.000000,0.906250,0.843750,1.000000,1.000000,1.000000,1.000000,1.000000,1.000000,0.937500,0.906250,0.906250,1.000000,1.000000,1.000000
ds2_2_chair06,0.468750,0.468750,0.937500,0.906250,0.843750,0.875000,0.812500,0.687500,0.906250,0.750000,0.718750,0.875000,0.812500,0.687500,1.000000,0.968750,0.968750,1.000000,0.906250,0.812500,1.000000,1.000000,0.968750,1.000000,1.000000,0.968750,0.937500,0.875000,0.812500,1.000000,1.000000,1.000000
ds2_2_chair07,0.500000,0.468750,0.968750,0.937500,0.875000,0.906250,0.843750,0.781250,0.843750,0.718750,0.687500,0.937500,0.843750,0.625000,1.000000,1.000000,1.000000,1.000000,0.968750,0.937500,1.000000,1.000000,1.000000,1.000000,1.000000,1.000000,1.000000,0.937500,0.906250,1.000000,1.000000,1.000000
ds2_2_chair08,0.562500,0.500000,0.968750,0.937500,0.937500,0.906250,0.812500,0.718750,0.906250,0.812500,0.718750,0.937500,0.875000,0.656250,1.000000,1.000000,1.000000,1.000000,0.937500,0.875000,0.968750,0.968750,0.968750,1.000000,0.968750,0.968750,0.968750,0.906250,0.875000,1.000000,1.000000,1.000000
ds2_2_chair09,0.468750,0.500000,1.000000,0.937500,0.875000,0.968750,0.750000,0.718750,0.937500,0.875000,0.750000,0.906250,0.843750,0.718750,0.968750,0.968750,0.968750,1.000000,0.968750,0.812500,1.000000,1.000000,0.968750,0.968750,0.968750,0.968750,0.968750,1.000000,0.968750,1.000000,1.000000,1.000000
ds2_2_chair10,0.500000,0.500000,0.937500,0.843750,0.812500,0.875000,0.812500,0.718750,0.937500,0.781250,0.656250,0.875000,0.750000,0.593750,0.968750,0.968750,0.968750,1.000000,0.937500,0.875000,1.000000,0.968750,0.968750,1.000000,1.000000,1.000000,0.968750,0.937500,0.937500,1.000000,1.000000,1.000000
ds2_2_dog01,0.468750,0.500000,0.968750,0.906250,0.843750,0.937500,0.750000,0.687500,0.906250,0.875000,0.750000,1.000000,0.968750,0.781250,1.000000,0.968750,0.968750,0.937500,0.937500,0.875000,1.000000,1.000000,1.000000,0.968750,0.968750,0.968750,0.968750,0.937500,0.906250,0.968750,0.968750,0.968750
ds2_2_dog02,0.562500,0.500000,0.937500,0.843750,0.812500,0.937500,0.812500,0.718750,0.906250,0.812500,0.750000,0.843750,0.750000,0.625000,1.000000,1.000000,1.000000,1.000000,0.906250,0.906250,1.000000,1.000000,1.000000,1.000000,1.000000,1.000000,1.000000,0.937500,0.937500,1.000000,1.000000,1.000000
ds2_2_dog03,0.468750,0.437500,1.000000,0.968750,0.906250,0.937500,0.875000,0.781250,0.968750,0.875000,0.718750,0.937500,0.875000,0.750000,1.000000,1.000000,1.000000,1.000000,0.937500,0.875000,1.000000,1.000000,1.000000,1.000000,1.000000,1.000000,1.000000,0.937500,0.937500,1.000000,1.000000,1.000000
ds2_2_dog04,0.531250,0.500000,0.968750,0.937500,0.906250,0.968750,0.843750,0.781250,0.937500,0.843750,0.687500,0.906250,0.812500,0.718750,1.000000,1.000000,1.000000,0.968750,0.937500,0.937500,1.000000,1.000000,1.000000,1.000000,1.000000,0.968750,1.000000,0.937500,0.937500,1.000000,1.000000,1.000000
ds2_2_dog05,0.531250,0.468750,1.000000,0.968750,0.906250,0.875000,0.750000,0.625000,1.000000,0.843750,0.718750,0.906250,0.843750,0.656250,1.000000,1.000000,1.000000,1.000000,0.937500,0.812500,1.000000,1.000000,1.000000,1.000000,1.000000,1.000000,0.968750,0.937500,0.906250,1.000000,1.000000,1.000000
ds2_2_dog06,0.500000,0.500000,1.000000,0.968750,0.968750,0.968750,0.843750,0.718750,0.968750,0.875000,0.718750,0.937500,0.906250,0.843750,1.000000,1.000000,1.000000,1.000000,0.968750,0.906250,1.000000,1.000000,1.000000,1.000000,1.000000,1.000000,1.000000,0.968750,0.968750,1.000000,1.000000,1.000000
ds2_2_dog07,0.562500,0.500000,0.875000,0.812500,0.843750,0.937500,0.875000,0.750000,0.875000,0.750000,0.625000,0.812500,0.718750,0.593750,1.000000,1.000000,1.000000,0.968750,0.906250,0.906250,1.000000,1.000000,0.968750,1.000000,1.000000,1.000000,0.968750,0.937500,0.875000,1.000000,1.000000,1.000000
ds2_2_dog08,0.500000,0.468750,1.000000,0.937500,0.875000,0.937500,0.812500,0.750000,0.937500,0.812500,0.750000,0.875000,0.843750,0.656250,1.000000,1.000000,1.000000,1.000000,1.000000,0.906250,1.000000,1.000000,1.000000,1.000000,1.000000,1.000000,1.000000,0.968750,0.937500,1.000000,1.000000,1.000000
ds2_2_dog09,0.531250,0.500000,0.968750,0.937500,0.906250,0.906250,0.843750,0.718750,0.906250,0.875000,0.750000,0.937500,0.875000,0.781250,1.000000,1.000000,0.968750,1.000000,0.937500,0.875000,1.000000,1.000000,1.000000,1.000000,1.000000,1.000000,1.000000,0.937500,0.906250,1.000000,1.000000,1.000000
ds2_2_dog10,0.531250,0.500000,0.968750,0.937500,0.875000,0.937500,0.843750,0.687500,0.968750,0.812500,0.718750,0.937500,0.781250,0.718750,1.000000,1.000000,1.000000,1.000000,1.000000,0.906250,1.000000,1.000000,1.000000,1.000000,1.000000,1.000000,1.000000,0.968750,0.937500,1.000000,1.000000,1.000000
ds2_2_fish01,0.500000,0.531250,0.937500,0.875000,0.781250,0.937500,0.843750,0.718750,0.875000,0.750000,0.625000,0.875000,0.843750,0.718750,0.968750,1.000000,0.968750,1.000000,0.968750,0.906250,1.000000,0.968750,1.000000,1.000000,1.000000,1.000000,0.968750,0.937500,0.937500,0.968750,0.968750,0.968750
ds2_2_fish02,0.531250,0.500000,0.968750,0.906250,0.843750,0.937500,0.843750,0.781250,0.937500,0.875000,0.718750,0.968750,0.875000,0.781250,1.000000,1.000000,1.000000,0.968750,0.937500,0.906250,1.000000,1.000000,1.000000,1.000000,1.000000,1.000000,1.000000,0.968750,0.968750,1.000000,1.000000,1.000000
ds2_2_fish03,0.468750,0.531250,0.937500,0.906250,0.843750,0.843750,0.750000,0.687500,0.937500,0.843750,0.625000,0.875000,0.750000,0.687500,1.000000,1.000000,0.968750,0.968750,0.906250,0.875000,1.000000,1.000000,1.000000,1.000000,1.000000,1.000000,1.000000,0.906250,0.843750,1.000000,1.000000,1.000000
ds2_2_fish04,0.468750,0.500000,0.968750,0.937500,0.812500,0.937500,0.875000,0.718750,0.937500,0.781250,0.625000,0.937500,0.875000,0.625000,1.000000,1.000000,1.000000,1.000000,0.968750,0.906250,1.000000,1.000000,1.000000,1.000000,1.000000,0.968750,0.968750,0.968750,0.937500,1.000000,1.000000,1.000000
ds2_2_fish05,0.500000,0.468750,0.968750,0.906250,0.875000,0.875000,0.718750,0.593750,0.937500,0.843750,0.687500,0.937500,0.812500,0.656250,1.000000,1.000000,1.000000,0.968750,0.906250,0.843750,0.968750,0.968750,0.968750,1.000000,0.968750,0.968750,0.968750,0.937500,0.843750,1.000000,1.000000,1.000000
ds2_2_fish06,0.468750,0.531250,1.000000,0.843750,0.812500,0.906250,0.781250,0.656250,0.968750,0.812500,0.718750,0.875000,0.812500,0.750000,1.000000,1.000000,1.000000,1.000000,0.968750,0.906250,1.000000,1.000000,1.000000,1.000000,1.000000,1.000000,1.000000,0.937500,0.906250,1.000000,1.000000,1.000000
ds2_2_fish07,0.500000,0.500000,0.968750,0.906250,0.843750,0.937500,0.812500,0.750000,0.906250,0.781250,0.625000,0.906250,0.812500,0.687500,1.000000,1.000000,1.000000,0.968750,0.968750,0.875000,1.000000,1.000000,1.000000,1.000000,1.000000,1.000000,0.968750,0.906250,0.906250,1.000000,1.000000,1.000000
ds2_2_fish08,0.531250,0.500000,0.937500,0.843750,0.812500,0.937500,0.812500,0.718750,0.906250,0.750000,0.718750,0.906250,0.875000,0.812500,1.000000,1.000000,0.968750,1.000000,0.968750,0.906250,1.000000,1.000000,1.000000,1.000000,1.000000,1.000000,1.000000,0.968750,0.906250,1.000000,1.000000,1.000000
ds2_2_fish09,0.531250,0.468750,0.968750,0.906250,0.875000,0.937500,0.750000,0.656250,0.968750,0.875000,0.781250,0.906250,0.843750,0.750000,1.000000,1.000000,1.000000,1.000000,0.937500,0.906250,1.000000,1.000000,1.000000,1.000000,1.000000,1.000000,0.968750,0.937500,0.875000,1.000000,1.000000,1.000000
ds2_2_fish10,0.562500,0.500000,0.968750,0.937500,0.812500,0.937500,0.875000,0.718750,0.968750,0.875000,0.781250,0.968750,0.875000,0.781250,1.000000,1.000000,1.000000,1.000000,0.937500,0.843750,1.000000,1.000000,1.000000,1.000000,1.000000,1.000000,1.000000,0.968750,0.937500,1.000000,1.000000,1.000000
ds2_2_flower01,0.468750,0.500000,0.968750,0.937500,0.875000,0.937500,0.781250,0.625000,0.875000,0.781250,0.687500,0.906250,0.843750,0.687500,1.000000,1.000000,0.968750,1.000000,0.968750,0.875000,1.000000,1.000000,1.000000,1.000000,1.000000,1.000000,1.000000,0.937500,0.906250,1.000000,1.000000,1.000000
ds2_2_flower02,0.468750,0.500000,0.937500,0.781250,0.781250,0.937500,0.812500,0.750000,0.906250,0.843750,0.687500,0.968750,0.875000,0.687500,0.968750,0.968750,0.968750,0.968750,0.968750,0.875000,0.968750,0.968750,0.968750,0.968750,0.968750,0.968750,0.968750,0.937500,0.875000,0.968750,0.968750,0.968750
ds2_2_flower03,0.500000,0.531250,0.968750,0.968750,0.906250,0.906250,0.843750,0.812500,0.968750,0.875000,0.781250,0.968750,0.937500,0.843750,1.000000,1.000000,1.000000,1.000000,1.000000,0.968750,1.000000,1.000000,1.000000,1.000000,1.000000,1.000000,1.000000,0.906250,0.875000,1.000000,1.000000,1.000000
ds2_2_flower04,0.531250,0.531250,0.968750,0.937500,0.875000,0.937500,0.781250,0.656250,0.937500,0.750000,0.718750,0.937500,0.843750,0.625000,1.000000,1.000000,1.000000,0.968750,0.937500,0.781250,1.000000,1.000000,1.000000,1.000000,1.000000,1.000000,1.000000,0.968750,0.906250,1.000000,1.000000,1.000000
ds2_2_flower05,0.500000,0.500000,0.968750,0.875000,0.750000,0.875000,0.718750,0.687500,0.843750,0.750000,0.718750,0.812500,0.781250,0.500000,1.000000,1.000000,1.000000,0.968750,0.906250,0.812500,1.000000,1.000000,1.000000,1.000000,1.000000,0.968750,0.968750,0.906250,0.812500,1.000000,1.000000,1.000000
ds2_2_flower06,0.468750,0.500000,0.968750,0.937500,0.906250,0.906250,0.781250,0.718750,0.968750,0.843750,0.781250,0.875000,0.843750,0.843750,1.000000,1.000000,1.000000,1.000000,0.968750,0.968750,1.000000,1.000000,1.000000,1.000000,1.000000,1.000000,0.968750,0.968750,0.906250,1.000000,1.000000,1.000000
ds2_2_flower07,0.500000,0.531250,0.968750,0.937500,0.906250,0.968750,0.875000,0.750000,0.906250,0.843750,0.750000,0.906250,0.843750,0.687500,1.000000,1.000000,1.000000,1.000000,0.968750,0.875000,1.000000,1.000000,1.000000,1.000000,1.000000,1.000000,1.000000,0.968750,0.968750,1.000000,1.000000,1.000000
ds2_2_flower08,0.468750,0.468750,0.968750,0.906250,0.781250,0.875000,0.843750,0.718750,0.937500,0.843750,0.687500,0.906250,0.843750,0.718750,1.000000,1.000000,1.000000,1.000000,0.937500,0.875000,1.000000,1.000000,1.000000,1.000000,1.000000,1.000000,0.968750,0.937500,0.906250,1.000000,1.000000,1.000000
ds2_2_flower09,0.500000,0.500000,0.968750,0.906250,0.843750,0.968750,0.906250,0.781250,0.937500,0.843750,0.718750,0.968750,0.875000,0.687500,1.000000,1.000000,1.000000,0.968750,0.937500,0.843750,1.000000,1.000000,1.000000,1.000000,1.000000,1.000000,1.000000,1.000000,0.937500,1.000000,1.000000,1.000000
ds2_2_flower10,0.468750,0.531250,0.968750,0.937500,0.875000,0.937500,0.843750,0.750000,0.968750,0.843750,0.718750,0.937500,0.812500,0.718750,1.000000,1.000000,1.000000,1.000000,0.968750,0.875000,1.000000,1.000000,1.000000,1.000000,1.000000,1.000000,1.000000,0.968750,0.968750,1.000000,1.000000,1.000000
ds2_2_house01,0.437500,0.531250,0.968750,0.937500,0.937500,0.875000,0.718750,0.656250,0.875000,0.750000,0.656250,0.906250,0.843750,0.687500,1.000000,0.968750,0.937500,0.937500,0.875000,0.781250,0.968750,0.968750,0.968750,1.000000,1.000000,1.000000,1.000000,0.906250,0.843750,1.000000,1.000000,1.000000
ds2_2_house02,0.562500,0.531250,0.937500,0.843750,0.750000,0.906250,0.781250,0.656250,0.843750,0.718750,0.656250,0.906250,0.843750,0.750000,1.000000,1.000000,1.000000,0.968750,0.875000,0.718750,1.000000,1.000000,0.968750,1.000000,1.000000,1.000000,0.968750,0.906250,0.843750,1.000000,0.968750,1.000000
ds2_2_house03,0.531250,0.500000,0.937500,0.812500,0.781250,0.937500,0.812500,0.781250,0.843750,0.656250,0.531250,0.875000,0.843750,0.687500,1.000000,1.000000,0.968750,1.000000,0.906250,0.781250,1.000000,1.000000,1.000000,1.000000,1.000000,1.000000,1.000000,0.968750,0.937500,1.000000,1.000000,1.000000
ds2_2_house04,0.531250,0.500000,0.906250,0.906250,0.875000,0.906250,0.781250,0.718750,0.937500,0.812500,0.718750,0.843750,0.781250,0.656250,1.000000,0.968750,0.968750,1.000000,0.937500,0.875000,1.000000,1.000000,1.000000,1.000000,0.968750,0.968750,0.968750,0.906250,0.875000,1.000000,1.000000,1.000000
ds2_2_house05,0.531250,0.500000,1.000000,0.875000,0.875000,1.000000,1.000000,0.843750,0.968750,0.843750,0.687500,0.906250,0.843750,0.687500,1.000000,1.000000,1.000000,1.000000,1.000000,0.937500,1.000000,1.000000,1.000000,1.000000,1.000000,1.000000,1.000000,1.000000,0.968750,1.000000,1.000000,1.000000
ds2_2_house06,0.500000,0.468750,0.968750,0.906250,0.875000,0.937500,0.843750,0.718750,0.875000,0.718750,0.687500,0.937500,0.781250,0.687500,1.000000,1.000000,1.000000,0.968750,0.937500,0.812500,1.000000,1.000000,1.000000,1.000000,1.000000,1.000000,0.968750,0.906250,0.906250,1.000000,1.000000,1.000000
ds2_2_house07,0.531250,0.468750,0.906250,0.875000,0.843750,0.937500,0.781250,0.687500,0.843750,0.750000,0.656250,0.843750,0.750000,0.656250,1.000000,1.000000,1.000000,0.968750,0.937500,0.812500,1.000000,1.000000,1.000000,1.000000,1.000000,1.000000,0.937500,0.937500,0.906250,1.000000,1.000000,1.000000
ds2_2_house08,0.562500,0.500000,1.000000,0.937500,0.906250,0.906250,0.781250,0.625000,0.843750,0.781250,0.718750,0.937500,0.812500,0.718750,1.000000,1.000000,0.968750,1.000000,0.906250,0.875000,1.000000,1.000000,1.000000,1.000000,1.000000,1.000000,0.937500,0.875000,0.812500,1.000000,1.000000,1.000000
ds2_2_house09,0.500000,0.500000,0.937500,0.906250,0.812500,0.906250,0.843750,0.687500,0.937500,0.812500,0.750000,0.906250,0.812500,0.593750,1.000000,1.000000,0.968750,1.000000,0.968750,0.875000,1.000000,1.000000,1.000000,1.000000,1.000000,1.000000,1.000000,0.937500,0.937500,1.000000,1.000000,1.000000
ds2_2_house10,0.468750,0.468750,0.937500,0.875000,0.781250,0.906250,0.687500,0.656250,0.906250,0.843750,0.687500,0.843750,0.812500,0.656250,1.000000,1.000000,0.968750,1.000000,0.968750,0.906250,1.000000,1.000000,1.000000,1.000000,1.000000,0.937500,0.968750,0.937500,0.906250,1.000000,1.000000,1.000000
ds2_2_tree01,0.468750,0.531250,0.937500,0.906250,0.843750,0.937500,0.875000,0.750000,0.906250,0.750000,0.687500,0.906250,0.843750,0.687500,1.000000,1.000000,1.000000,1.000000,0.968750,0.843750,1.000000,1.000000,1.000000,1.000000,0.968750,0.968750,1.000000,0.968750,0.906250,1.000000,1.000000,1.000000
ds2_2_tree02,0.468750,0.437500,0.937500,0.906250,0.875000,0.875000,0.843750,0.718750,0.937500,0.781250,0.718750,0.875000,0.781250,0.656250,1.000000,1.000000,0.968750,1.000000,0.968750,0.843750,1.000000,1.000000,1.000000,1.000000,1.000000,1.000000,1.000000,0.906250,0.906250,1.000000,1.000000,1.000000
ds2_2_tree03,0.500000,0.500000,0.968750,0.875000,0.843750,0.937500,0.812500,0.750000,0.937500,0.781250,0.750000,0.937500,0.812500,0.687500,0.968750,1.000000,1.000000,1.000000,0.968750,0.812500,0.968750,1.000000,1.000000,0.968750,0.968750,0.968750,0.968750,0.937500,0.937500,1.000000,1.000000,1.000000
ds2_2_tree04,0.500000,0.500000,1.000000,0.968750,0.968750,0.937500,0.843750,0.750000,0.968750,0.812500,0.750000,0.968750,0.812500,0.593750,0.968750,0.968750,0.968750,1.000000,0.968750,0.906250,0.968750,0.968750,0.968750,1.000000,1.000000,1.000000,0.968750,0.968750,0.906250,1.000000,1.000000,1.000000
ds2_2_tree05,0.531250,0.500000,1.000000,0.937500,0.906250,0.875000,0.781250,0.687500,1.000000,0.750000,0.656250,0.875000,0.781250,0.687500,0.968750,0.968750,0.968750,1.000000,0.937500,0.781250,1.000000,1.000000,0.968750,0.968750,0.968750,0.968750,0.968750,0.906250,0.875000,1.000000,1.000000,1.000000
ds2_2_tree06,0.531250,0.531250,0.968750,0.906250,0.875000,0.937500,0.812500,0.656250,0.906250,0.875000,0.812500,0.968750,0.906250,0.812500,1.000000,1.000000,0.968750,0.968750,0.937500,0.875000,1.000000,1.000000,0.968750,1.000000,0.968750,0.968750,0.968750,0.968750,0.937500,1.000000,1.000000,1.000000
ds2_2_tree07,0.562500,0.468750,0.968750,0.937500,0.875000,0.968750,0.875000,0.750000,0.968750,0.875000,0.718750,0.906250,0.843750,0.718750,1.000000,1.000000,1.000000,1.000000,0.968750,0.906250,1.000000,1.000000,1.000000,1.000000,1.000000,1.000000,1.000000,0.968750,0.937500,1.000000,1.000000,1.000000
ds2_2_tree08,0.562500,0.468750,0.968750,0.937500,0.875000,0.968750,0.843750,0.750000,0.937500,0.812500,0.750000,0.875000,0.781250,0.625000,1.000000,0.968750,0.968750,1.000000,0.968750,0.843750,1.000000,1.000000,1.000000,0.968750,0.968750,0.968750,1.000000,0.968750,0.968750,1.000000,1.000000,1.000000
ds2_2_tree09,0.500000,0.500000,0.968750,0.875000,0.812500,0.906250,0.843750,0.656250,0.906250,0.718750,0.625000,0.875000,0.812500,0.687500,1.000000,1.000000,1.000000,1.000000,0.937500,0.875000,1.000000,1.000000,1.000000,0.968750,0.968750,0.968750,1.000000,0.968750,0.937500,1.000000,1.000000,1.000000
ds2_2_tree10,0.531250,0.531250,0.906250,0.875000,0.875000,0.906250,0.750000,0.625000,0.937500,0.812500,0.687500,0.937500,0.843750,0.656250,1.000000,1.000000,1.000000,0.968750,0.937500,0.843750,1.000000,1.000000,1.000000,1.000000,1.000000,1.000000,1.000000,0.968750,0.875000,1.000000,1.000000,1.000000
ar_ex1_ex2_inputs_Images_boat,0.500000,0.437500,0.968750,0.906250,0.843750,0.906250,0.843750,0.718750,0.875000,0.843750,0.750000,0.906250,0.812500,0.656250,1.000000,1.000000,1.000000,1.000000,0.937500,0.875000,1.000000,1.000000,1.000000,1.000000,1.000000,1.000000,0.937500,0.937500,0.875000,1.000000,1.000000,1.000000
ar_ex1_ex2_inputs_Images_boat_2,0.531250,0.500000,1.000000,0.937500,0.875000,0.937500,0.875000,0.781250,1.000000,0.906250,0.812500,0.937500,0.812500,0.718750,1.000000,1.000000,1.000000,1.000000,0.968750,0.906250,1.000000,1.000000,1.000000,1.000000,1.000000,1.000000,0.968750,0.937500,0.937500,1.000000,1.000000,1.000000
ar_ex1_ex2_inputs_Images_calligraphy,0.500000,0.500000,0.968750,0.937500,0.906250,0.906250,0.812500,0.718750,0.875000,0.781250,0.687500,0.937500,0.843750,0.750000,0.968750,0.968750,0.968750,1.000000,0.937500,0.875000,1.000000,1.000000,1.000000,1.000000,1.000000,1.000000,0.968750,0.937500,0.906250,1.000000,1.000000,1.000000
ar_ex1_ex2_inputs_Images_falcon,0.531250,0.500000,0.968750,0.906250,0.812500,0.937500,0.843750,0.750000,0.937500,0.781250,0.656250,0.937500,0.875000,0.812500,1.000000,1.000000,1.000000,1.000000,0.937500,0.875000,1.000000,1.000000,1.000000,1.000000,1.000000,1.000000,0.968750,0.937500,0.937500,1.000000,1.000000,1.000000
ar_ex1_ex2_inputs_Images_multiple_boat,0.531250,0.531250,0.937500,0.843750,0.781250,0.906250,0.812500,0.718750,0.937500,0.843750,0.718750,0.812500,0.656250,0.500000,1.000000,1.000000,1.000000,1.000000,0.875000,0.781250,1.000000,1.000000,1.000000,1.000000,1.000000,1.000000,0.906250,0.906250,0.875000,1.000000,1.000000,1.000000
ar_ex1_ex2_inputs_Images_one_boat,0.500000,0.531250,0.937500,0.906250,0.812500,0.906250,0.812500,0.750000,0.875000,0.781250,0.593750,0.906250,0.875000,0.687500,0.968750,1.000000,1.000000,1.000000,0.968750,0.843750,1.000000,1.000000,1.000000,1.000000,1.000000,0.968750,0.937500,0.937500,0.875000,1.000000,1.000000,1.000000
ar_ex1_ex2_inputs_Images_orchid,0.562500,0.531250,0.968750,0.812500,0.812500,0.812500,0.812500,0.656250,0.937500,0.937500,0.718750,0.843750,0.812500,0.750000,1.000000,1.000000,1.000000,1.000000,0.968750,0.875000,1.000000,1.000000,1.000000,1.000000,1.000000,1.000000,0.968750,0.937500,0.875000,1.000000,1.000000,1.000000
ar_ex1_ex2_inputs_Images_orchid_2,0.500000,0.531250,0.968750,0.906250,0.875000,0.906250,0.781250,0.656250,0.968750,0.812500,0.656250,0.937500,0.875000,0.718750,1.000000,1.000000,1.000000,1.000000,0.906250,0.875000,1.000000,1.000000,1.000000,1.000000,1.000000,1.000000,0.937500,0.906250,0.875000,1.000000,1.000000,1.000000
ar_ex1_ex2_inputs_Images_red_boats,0.531250,0.500000,0.937500,0.906250,0.843750,0.906250,0.812500,0.687500,0.875000,0.750000,0.687500,0.875000,0.843750,0.750000,0.968750,0.968750,0.968750,1.000000,0.937500,0.906250,1.000000,1.000000,0.968750,1.000000,1.000000,0.968750,0.968750,0.968750,0.875000,1.000000,1.000000,1.000000
ar_ex1_ex2_inputs_horses,0.562500,0.500000,1.000000,0.968750,0.937500,0.937500,0.843750,0.687500,0.875000,0.843750,0.781250,0.906250,0.812500,0.750000,1.000000,1.000000,1.000000,1.000000,0.968750,0.875000,1.000000,1.000000,1.000000,1.000000,1.000000,1.000000,0.968750,0.937500,0.875000,1.000000,1.000000,1.000000
ar_ex2_ai_art_ai_art1,0.500000,0.500000,0.968750,0.937500,0.875000,0.875000,0.812500,0.718750,0.937500,0.812500,0.718750,0.937500,0.906250,0.781250,1.000000,1.000000,1.000000,0.968750,0.937500,0.843750,1.000000,1.000000,1.000000,1.000000,1.000000,1.000000,0.906250,0.875000,0.843750,1.000000,1.000000,1.000000
ar_ex2_ai_art_ai_art10,0.500000,0.531250,0.968750,0.937500,0.843750,0.875000,0.781250,0.718750,0.968750,0.843750,0.750000,0.968750,0.843750,0.656250,1.000000,1.000000,1.000000,1.000000,1.000000,0.906250,1.000000,1.000000,1.000000,1.000000,1.000000,1.000000,0.968750,0.968750,0.875000,1.000000,1.000000,1.000000
ar_ex2_ai_art_ai_art2,0.500000,0.531250,0.968750,0.906250,0.812500,0.937500,0.750000,0.687500,0.906250,0.843750,0.750000,0.968750,0.843750,0.625000,0.968750,0.968750,0.968750,1.000000,0.968750,0.937500,1.000000,1.000000,1.000000,0.968750,0.968750,0.968750,0.937500,0.937500,0.906250,1.000000,1.000000,1.000000
ar_ex2_ai_art_ai_art3,0.625000,0.500000,0.906250,0.843750,0.750000,0.875000,0.781250,0.687500,0.937500,0.812500,0.687500,0.875000,0.812500,0.656250,1.000000,0.968750,0.968750,1.000000,0.968750,0.875000,1.000000,1.000000,0.968750,1.000000,1.000000,1.000000,1.000000,0.937500,0.906250,1.000000,1.000000,1.000000
ar_ex2_ai_art_ai_art4,0.500000,0.531250,0.968750,0.937500,0.843750,0.937500,0.843750,0.781250,0.906250,0.843750,0.718750,0.937500,0.843750,0.781250,1.000000,0.968750,0.968750,1.000000,0.968750,0.906250,1.000000,1.000000,1.000000,1.000000,1.000000,0.968750,0.968750,0.937500,0.906250,1.000000,1.000000,1.000000
ar_ex2_ai_art_ai_art5,0.531250,0.562500,0.906250,0.906250,0.812500,0.843750,0.718750,0.656250,0.906250,0.843750,0.781250,0.843750,0.750000,0.531250,1.000000,1.000000,1.000000,0.968750,0.906250,0.812500,1.000000,1.000000,1.000000,1.000000,1.000000,1.000000,0.937500,0.906250,0.843750,1.000000,1.000000,1.000000
ar_ex2_ai_art_ai_art6,0.468750,0.500000,0.968750,0.968750,0.937500,0.937500,0.781250,0.750000,0.937500,0.875000,0.718750,0.937500,0.812500,0.718750,1.000000,1.000000,1.000000,1.000000,1.000000,0.968750,1.000000,1.000000,1.000000,1.000000,1.000000,1.000000,0.968750,0.968750,0.906250,1.000000,1.000000,1.000000
ar_ex2_ai_art_ai_art7,0.500000,0.500000,1.000000,0.968750,0.906250,0.937500,0.875000,0.656250,0.875000,0.812500,0.750000,0.937500,0.812500,0.656250,1.000000,1.000000,1.000000,1.000000,0.937500,0.843750,1.000000,1.000000,1.000000,1.000000,1.000000,1.000000,1.000000,0.937500,0.906250,1.000000,1.000000,1.000000
ar_ex2_ai_art_ai_art8,0.468750,0.531250,0.968750,0.843750,0.812500,0.906250,0.843750,0.718750,0.875000,0.750000,0.656250,0.843750,0.781250,0.625000,1.000000,0.968750,0.937500,1.000000,0.875000,0.843750,0.968750,0.968750,0.968750,0.968750,0.968750,0.968750,0.968750,0.906250,0.875000,1.000000,1.000000,1.000000
ar_ex2_ai_art_ai_art9,0.531250,0.531250,0.968750,0.968750,0.937500,0.937500,0.812500,0.718750,0.937500,0.812500,0.750000,0.968750,0.937500,0.843750,0.968750,0.968750,0.937500,0.968750,0.937500,0.843750,1.000000,0.968750,0.968750,1.000000,1.000000,1.000000,1.000000,0.968750,0.937500,1.000000,1.000000,1.000000
ar_ex2_car_car1,0.531250,0.500000,0.937500,0.875000,0.843750,0.937500,0.875000,0.750000,0.843750,0.718750,0.656250,0.906250,0.843750,0.656250,1.000000,1.000000,1.000000,1.000000,0.937500,0.875000,1.000000,1.000000,1.000000,1.000000,1.000000,1.000000,0.968750,0.937500,0.937500,1.000000,1.000000,1.000000
ar_ex2_car_car10,0.562500,0.500000,0.968750,0.937500,0.906250,0.937500,0.875000,0.750000,0.937500,0.843750,0.750000,0.906250,0.875000,0.718750,1.000000,1.000000,1.000000,1.000000,0.968750,0.906250,1.000000,1.000000,1.000000,1.000000,1.000000,1.000000,1.000000,0.968750,0.906250,1.000000,1.000000,1.000000
ar_ex2_car_car2,0.500000,0.500000,1.000000,0.906250,0.843750,0.906250,0.843750,0.687500,0.937500,0.812500,0.656250,0.875000,0.812500,0.687500,1.000000,0.968750,0.968750,0.968750,0.968750,0.843750,1.000000,1.000000,1.000000,1.000000,1.000000,0.968750,1.000000,0.937500,0.875000,1.000000,1.000000,1.000000
ar_ex2_car_car3,0.531250,0.562500,1.000000,0.937500,0.875000,0.937500,0.843750,0.687500,0.968750,0.875000,0.781250,0.906250,0.812500,0.718750,1.000000,1.000000,0.968750,1.000000,0.937500,0.812500,1.000000,1.000000,1.000000,1.000000,0.968750,0.968750,0.968750,0.937500,0.906250,1.000000,1.000000,1.000000
ar_ex2_car_car4,0.500000,0.500000,0.937500,0.937500,0.906250,0.937500,0.812500,0.781250,0.968750,0.906250,0.750000,0.875000,0.843750,0.718750,0.968750,0.968750,0.937500,1.000000,0.937500,0.875000,1.000000,0.968750,0.968750,1.000000,1.000000,1.000000,1.000000,0.937500,0.906250,1.000000,1.000000,1.000000
ar_ex2_car_car5,0.500000,0.562500,0.968750,0.875000,0.812500,0.906250,0.812500,0.687500,0.937500,0.812500,0.718750,0.875000,0.843750,0.750000,1.000000,1.000000,0.968750,1.000000,0.906250,0.875000,1.000000,1.000000,1.000000,1.000000,1.000000,1.000000,1.000000,0.968750,0.875000,1.000000,1.000000,1.000000
ar_ex2_car_car6,0.500000,0.500000,0.968750,0.906250,0.843750,0.968750,0.812500,0.750000,0.937500,0.843750,0.750000,0.906250,0.812500,0.718750,1.000000,1.000000,1.000000,1.000000,0.937500,0.812500,1.000000,1.000000,1.000000,1.000000,1.000000,1.000000,1.000000,0.968750,0.968750,1.000000,1.000000,1.000000
ar_ex2_car_car7,0.500000,0.500000,0.968750,0.968750,0.937500,0.875000,0.843750,0.687500,0.906250,0.812500,0.750000,0.906250,0.781250,0.656250,1.000000,1.000000,1.000000,1.000000,0.937500,0.875000,1.000000,1.000000,1.000000,1.000000,1.000000,1.000000,0.968750,0.937500,0.937500,1.000000,1.000000,1.000000
ar_ex2_car_car8,0.500000,0.468750,0.906250,0.906250,0.812500,0.906250,0.781250,0.656250,0.906250,0.843750,0.656250,0.906250,0.843750,0.718750,1.000000,1.000000,1.000000,0.968750,0.937500,0.875000,1.000000,1.000000,1.000000,1.000000,1.000000,0.968750,0.968750,0.875000,0.875000,1.000000,1.000000,1.000000
ar_ex2_car_car9,0.500000,0.500000,0.968750,0.906250,0.875000,1.000000,0.812500,0.687500,0.906250,0.781250,0.687500,0.968750,0.906250,0.812500,1.000000,1.000000,1.000000,1.000000,0.906250,0.812500,1.000000,1.000000,1.000000,1.000000,1.000000,1.000000,1.000000,1.000000,1.000000,1.000000,1.000000,1.000000
ar_ex2_cat_cat1,0.531250,0.593750,0.968750,0.906250,0.812500,0.906250,0.875000,0.718750,0.937500,0.843750,0.781250,0.843750,0.750000,0.656250,1.000000,1.000000,1.000000,1.000000,0.968750,0.843750,1.000000,1.000000,1.000000,1.000000,1.000000,1.000000,1.000000,0.906250,0.875000,1.000000,1.000000,1.000000
ar_ex2_cat_cat10,0.531250,0.593750,0.968750,0.968750,0.937500,0.937500,0.875000,0.781250,0.906250,0.812500,0.718750,0.906250,0.812500,0.656250,1.000000,1.000000,1.000000,1.000000,0.906250,0.843750,1.000000,1.000000,1.000000,1.000000,1.000000,1.000000,0.968750,0.937500,0.937500,1.000000,1.000000,1.000000
ar_ex2_cat_cat2,0.531250,0.531250,1.000000,1.000000,0.906250,0.937500,0.812500,0.750000,0.937500,0.875000,0.750000,0.968750,0.937500,0.750000,1.000000,1.000000,0.968750,1.000000,0.937500,0.843750,1.000000,1.000000,1.000000,1.000000,1.000000,1.000000,0.968750,0.937500,0.906250,1.000000,1.000000,1.000000
ar_ex2_cat_cat3,0.531250,0.531250,0.968750,0.937500,0.875000,0.968750,0.843750,0.718750,0.875000,0.781250,0.687500,0.968750,0.906250,0.812500,1.000000,1.000000,1.000000,1.000000,0.968750,0.843750,1.000000,1.000000,1.000000,1.000000,1.000000,1.000000,0.968750,0.937500,0.937500,1.000000,1.000000,1.000000
ar_ex2_cat_cat4,0.593750,0.562500,0.937500,0.906250,0.781250,0.906250,0.812500,0.750000,0.906250,0.781250,0.656250,0.906250,0.812500,0.687500,1.000000,1.000000,1.000000,1.000000,0.937500,0.781250,1.000000,1.000000,1.000000,1.000000,0.968750,0.968750,1.000000,1.000000,0.968750,1.000000,1.000000,1.000000
ar_ex2_cat_cat5,0.500000,0.500000,0.968750,0.906250,0.906250,0.937500,0.750000,0.656250,0.968750,0.843750,0.687500,0.906250,0.812500,0.625000,1.000000,1.000000,1.000000,1.000000,0.937500,0.906250,1.000000,1.000000,1.000000,1.000000,0.968750,0.968750,0.937500,0.906250,0.875000,1.000000,1.000000,1.000000
ar_ex2_cat_cat6,0.468750,0.531250,0.937500,0.937500,0.937500,0.843750,0.781250,0.718750,0.906250,0.781250,0.750000,0.812500,0.687500,0.562500,1.000000,1.000000,1.000000,1.000000,0.843750,0.812500,1.000000,1.000000,1.000000,1.000000,1.000000,1.000000,0.937500,0.906250,0.843750,1.000000,1.000000,1.000000
ar_ex2_cat_cat7,0.531250,0.500000,0.968750,0.906250,0.906250,0.906250,0.843750,0.687500,0.843750,0.781250,0.718750,0.906250,0.875000,0.812500,1.000000,1.000000,0.968750,1.000000,0.906250,0.812500,1.000000,1.000000,1.000000,1.000000,1.000000,1.000000,0.968750,0.968750,0.937500,1.000000,1.000000,1.000000
ar_ex2_cat_cat8,0.562500,0.500000,0.968750,0.937500,0.906250,0.843750,0.718750,0.656250,0.875000,0.718750,0.625000,0.781250,0.718750,0.625000,1.000000,1.000000,1.000000,1.000000,0.937500,0.843750,1.000000,1.000000,1.000000,1.000000,1.000000,1.000000,0.968750,0.906250,0.875000,1.000000,1.000000,1.000000
ar_ex2_cat_cat9,0.500000,0.468750,0.968750,0.937500,0.906250,0.937500,0.875000,0.781250,0.937500,0.875000,0.781250,0.875000,0.718750,0.593750,0.968750,0.968750,0.968750,0.968750,0.968750,0.906250,1.000000,0.968750,0.968750,0.968750,0.968750,0.968750,0.968750,0.937500,0.906250,1.000000,1.000000,1.000000
ar_ex2_china_art_china_art1,0.531250,0.468750,0.968750,0.937500,0.843750,0.906250,0.781250,0.656250,0.968750,0.781250,0.718750,0.937500,0.812500,0.625000,0.968750,0.968750,1.000000,0.968750,0.906250,0.875000,1.000000,0.968750,1.000000,1.000000,1.000000,1.000000,1.000000,0.937500,0.875000,1.000000,0.968750,1.000000
ar_ex2_china_art_china_art10,0.625000,0.562500,0.937500,0.937500,0.906250,0.875000,0.781250,0.625000,0.875000,0.812500,0.718750,0.843750,0.750000,0.656250,1.000000,1.000000,1.000000,1.000000,0.906250,0.843750,1.000000,1.000000,1.000000,1.000000,1.000000,1.000000,1.000000,0.906250,0.843750,1.000000,1.000000,1.000000
ar_ex2_china_art_china_art2,0.500000,0.468750,0.937500,0.875000,0.843750,0.968750,0.906250,0.781250,0.968750,0.843750,0.750000,0.875000,0.781250,0.593750,1.000000,1.000000,1.000000,1.000000,0.937500,0.843750,1.000000,1.000000,1.000000,1.000000,1.000000,1.000000,1.000000,0.968750,0.937500,1.000000,1.000000,1.000000
ar_ex2_china_art_china_art3,0.531250,0.500000,0.906250,0.781250,0.750000,0.937500,0.781250,0.718750,0.906250,0.781250,0.687500,0.937500,0.812500,0.625000,1.000000,1.000000,1.000000,0.968750,0.937500,0.843750,1.000000,1.000000,1.000000,1.000000,1.000000,0.968750,0.968750,0.937500,0.875000,1.000000,1.000000,1.000000
ar_ex2_china_art_china_art4,0.531250,0.500000,1.000000,0.937500,0.875000,0.875000,0.750000,0.625000,0.875000,0.750000,0.656250,0.906250,0.875000,0.750000,1.000000,1.000000,1.000000,1.000000,0.937500,0.843750,1.000000,1.000000,1.000000,1.000000,1.000000,0.968750,0.937500,0.937500,0.906250,1.000000,1.000000,1.000000
ar_ex2_china_art_china_art5,0.500000,0.500000,0.968750,0.937500,0.937500,0.937500,0.875000,0.718750,0.968750,0.906250,0.656250,0.937500,0.937500,0.843750,1.000000,1.000000,1.000000,0.968750,0.906250,0.906250,1.000000,1.000000,1.000000,1.000000,0.968750,1.000000,0.968750,0.937500,0.906250,1.000000,1.000000,1.000000
ar_ex2_china_art_china_art6,0.500000,0.531250,0.937500,0.875000,0.843750,0.937500,0.843750,0.718750,0.906250,0.812500,0.718750,0.937500,0.843750,0.781250,1.000000,1.000000,1.000000,0.968750,0.937500,0.843750,1.000000,1.000000,1.000000,1.000000,1.000000,1.000000,0.968750,0.968750,0.875000,1.000000,1.000000,1.000000
ar_ex2_china_art_china_art7,0.468750,0.500000,0.937500,0.875000,0.843750,0.906250,0.843750,0.750000,0.906250,0.812500,0.687500,0.906250,0.781250,0.656250,1.000000,1.000000,1.000000,0.968750,0.968750,0.937500,1.000000,1.000000,1.000000,1.000000,1.000000,1.000000,0.968750,0.906250,0.843750,1.000000,1.000000,1.000000
ar_ex2_china_art_china_art8,0.562500,0.562500,0.906250,0.875000,0.843750,0.968750,0.875000,0.781250,0.875000,0.843750,0.718750,0.937500,0.843750,0.750000,0.968750,0.968750,0.968750,0.968750,0.875000,0.781250,1.000000,0.968750,0.968750,0.968750,0.968750,0.968750,1.000000,0.968750,0.906250,1.000000,0.968750,0.968750
ar_ex2_china_art_china_art9,0.468750,0.468750,0.968750,0.937500,0.875000,0.906250,0.812500,0.718750,0.937500,0.781250,0.656250,0.906250,0.812500,0.687500,1.000000,1.000000,1.000000,0.937500,0.937500,0.875000,1.000000,1.000000,0.937500,1.000000,1.000000,1.000000,0.968750,0.906250,0.906250,0.968750,1.000000,1.000000
ar_ex2_football_football1,0.500000,0.531250,0.968750,0.937500,0.875000,0.906250,0.781250,0.687500,0.937500,0.875000,0.718750,0.937500,0.812500,0.781250,1.000000,1.000000,1.000000,1.000000,0.937500,0.875000,1.000000,1.000000,1.000000,1.000000,1.000000,1.000000,0.968750,0.937500,0.906250,1.000000,1.000000,1.000000
ar_ex2_football_football10,0.468750,0.531250,0.968750,0.937500,0.906250,0.937500,0.906250,0.718750,0.906250,0.812500,0.687500,0.875000,0.812500,0.656250,1.000000,1.000000,1.000000,1.000000,0.937500,0.875000,1.000000,1.000000,1.000000,1.000000,1.000000,1.000000,0.968750,0.968750,0.906250,1.000000,1.000000,1.000000
ar_ex2_football_football2,0.531250,0.531250,0.968750,0.968750,0.843750,0.937500,0.843750,0.718750,0.906250,0.812500,0.750000,0.937500,0.906250,0.750000,0.968750,0.968750,0.968750,0.968750,0.968750,0.843750,1.000000,0.968750,0.968750,1.000000,1.000000,1.000000,0.937500,0.906250,0.906250,1.000000,1.000000,1.000000
ar_ex2_football_football3,0.500000,0.468750,0.906250,0.875000,0.875000,0.875000,0.718750,0.656250,0.906250,0.812500,0.687500,0.843750,0.781250,0.718750,0.968750,0.968750,0.968750,0.968750,0.937500,0.875000,0.968750,0.968750,0.968750,0.968750,0.968750,0.968750,0.937500,0.937500,0.875000,1.000000,1.000000,1.000000
ar_ex2_football_football4,0.531250,0.531250,1.000000,0.968750,0.937500,0.937500,0.843750,0.718750,0.968750,0.843750,0.656250,0.968750,0.875000,0.750000,1.000000,1.000000,1.000000,1.000000,1.000000,0.937500,1.000000,1.000000,1.000000,1.000000,1.000000,1.000000,1.000000,0.937500,0.875000,1.000000,1.000000,1.000000
ar_ex2_football_football5,0.500000,0.468750,0.968750,0.937500,0.875000,0.937500,0.843750,0.750000,0.937500,0.812500,0.687500,0.906250,0.750000,0.625000,1.000000,1.000000,0.968750,1.000000,0.906250,0.781250,1.000000,1.000000,1.000000,1.000000,1.000000,1.000000,1.000000,0.937500,0.906250,1.000000,1.000000,1.000000
ar_ex2_football_football6,0.468750,0.500000,1.000000,0.968750,0.906250,0.968750,0.843750,0.812500,0.937500,0.843750,0.718750,0.968750,0.906250,0.781250,1.000000,1.000000,1.000000,1.000000,0.937500,0.875000,1.000000,1.000000,1.000000,1.000000,1.000000,1.000000,1.000000,0.968750,0.937500,1.000000,1.000000,1.000000
ar_ex2_football_football7,0.500000,0.531250,0.937500,0.937500,0.906250,0.937500,0.843750,0.750000,0.875000,0.812500,0.718750,0.968750,0.906250,0.812500,1.000000,1.000000,1.000000,0.968750,0.906250,0.906250,1.000000,1.000000,1.000000,1.000000,1.000000,1.000000,1.000000,0.937500,0.875000,1.000000,1.000000,1.000000
ar_ex2_football_football8,0.468750,0.468750,0.968750,0.906250,0.875000,0.906250,0.812500,0.687500,0.937500,0.812500,0.750000,0.968750,0.906250,0.812500,1.000000,1.000000,1.000000,1.000000,0.906250,0.906250,1.000000,1.000000,1.000000,1.000000,1.000000,1.000000,0.968750,0.906250,0.906250,1.000000,1.000000,1.000000
ar_ex2_football_football9,0.468750,0.500000,0.968750,0.968750,0.875000,0.906250,0.781250,0.687500,0.906250,0.781250,0.687500,0.937500,0.937500,0.781250,1.000000,1.000000,1.000000,1.000000,0.968750,0.906250,1.000000,1.000000,1.000000,1.000000,1.000000,1.000000,0.968750,0.968750,0.906250,1.000000,1.000000,1.000000
ar_ex2_house_house1,0.468750,0.500000,0.968750,0.937500,0.906250,0.906250,0.812500,0.656250,0.937500,0.812500,0.750000,0.906250,0.812500,0.656250,1.000000,1.000000,1.000000,0.968750,0.968750,0.875000,1.000000,1.000000,1.000000,1.000000,0.937500,0.937500,0.937500,0.906250,0.875000,1.000000,1.000000,1.000000
ar_ex2_house_house10,0.500000,0.531250,0.906250,0.781250,0.718750,0.906250,0.812500,0.656250,0.937500,0.781250,0.718750,0.875000,0.781250,0.625000,1.000000,0.968750,0.937500,0.968750,0.843750,0.750000,1.000000,1.000000,1.000000,1.000000,0.968750,0.937500,1.000000,0.937500,0.906250,1.000000,1.000000,1.000000
ar_ex2_house_house2,0.468750,0.531250,0.937500,0.937500,0.843750,0.937500,0.781250,0.687500,0.906250,0.843750,0.718750,0.906250,0.812500,0.750000,1.000000,1.000000,1.000000,1.000000,0.937500,0.843750,1.000000,1.000000,1.000000,1.000000,1.000000,1.000000,0.968750,0.937500,0.875000,1.000000,1.000000,1.000000
ar_ex2_house_house3,0.531250,0.562500,1.000000,0.968750,0.875000,0.937500,0.843750,0.781250,0.968750,0.843750,0.718750,0.937500,0.843750,0.687500,1.000000,1.000000,1.000000,1.000000,0.906250,0.843750,1.000000,1.000000,0.968750,1.000000,0.968750,0.968750,0.968750,0.937500,0.906250,1.000000,1.000000,1.000000
ar_ex2_house_house4,0.562500,0.531250,0.968750,0.906250,0.906250,0.937500,0.812500,0.750000,0.906250,0.843750,0.687500,0.875000,0.750000,0.625000,0.968750,1.000000,0.968750,0.968750,0.937500,0.875000,0.968750,1.000000,1.000000,0.968750,0.968750,0.968750,0.968750,0.937500,0.875000,0.968750,0.968750,0.968750
ar_ex2_house_house5,0.531250,0.531250,0.968750,0.937500,0.875000,0.875000,0.781250,0.687500,0.875000,0.812500,0.687500,0.875000,0.781250,0.656250,1.000000,1.000000,1.000000,0.968750,0.968750,0.875000,1.000000,1.000000,1.000000,1.000000,1.000000,1.000000,0.937500,0.875000,0.812500,1.000000,1.000000,1.000000
ar_ex2_house_house6,0.562500,0.531250,0.968750,0.906250,0.843750,0.937500,0.812500,0.718750,0.875000,0.781250,0.687500,0.875000,0.750000,0.593750,1.000000,1.000000,1.000000,1.000000,1.000000,0.843750,1.000000,0.968750,0.968750,0.968750,0.968750,0.968750,1.000000,0.906250,0.875000,1.000000,1.000000,1.000000
ar_ex2_house_house7,0.562500,0.468750,0.906250,0.875000,0.812500,0.937500,0.843750,0.687500,0.937500,0.781250,0.718750,0.968750,0.968750,0.750000,1.000000,1.000000,1.000000,1.000000,0.968750,0.875000,1.000000,1.000000,1.000000,1.000000,1.000000,1.000000,1.000000,1.000000,0.937500,1.000000,1.000000,1.000000
ar_ex2_house_house8,0.500000,0.500000,0.968750,0.937500,0.875000,0.937500,0.843750,0.718750,0.937500,0.843750,0.687500,0.906250,0.875000,0.750000,0.968750,0.968750,0.968750,1.000000,0.968750,0.937500,0.968750,0.968750,0.968750,0.968750,0.968750,0.968750,0.968750,0.937500,0.937500,1.000000,1.000000,1.000000
ar_ex2_house_house9,0.468750,0.468750,0.968750,0.906250,0.843750,0.968750,0.843750,0.750000,0.875000,0.812500,0.687500,0.906250,0.812500,0.718750,1.000000,1.000000,0.968750,1.000000,0.968750,0.843750,1.000000,1.000000,1.000000,1.000000,0.968750,0.937500,1.000000,0.937500,0.906250,1.000000,1.000000,1.000000
ar_ex2_nba_nba1,0.593750,0.500000,0.968750,0.937500,0.937500,0.968750,0.843750,0.781250,0.875000,0.812500,0.656250,0.937500,0.875000,0.687500,1.000000,1.000000,0.968750,0.968750,0.937500,0.906250,1.000000,1.000000,1.000000,1.000000,1.000000,0.968750,1.000000,0.968750,0.937500,1.000000,1.000000,1.000000
ar_ex2_nba_nba10,0.531250,0.500000,0.968750,0.937500,0.843750,0.906250,0.843750,0.750000,0.906250,0.750000,0.687500,0.875000,0.781250,0.625000,1.000000,1.000000,1.000000,1.000000,0.937500,0.875000,1.000000,1.000000,1.000000,1.000000,1.000000,1.000000,1.000000,0.937500,0.875000,1.000000,1.000000,1.000000
ar_ex2_nba_nba2,0.468750,0.468750,0.937500,0.937500,0.812500,0.843750,0.781250,0.625000,0.906250,0.812500,0.687500,0.875000,0.843750,0.718750,1.000000,0.968750,0.968750,1.000000,0.968750,0.937500,1.000000,1.000000,1.000000,1.000000,1.000000,1.000000,0.968750,0.875000,0.843750,1.000000,1.000000,1.000000
ar_ex2_nba_nba3,0.500000,0.531250,0.968750,0.937500,0.906250,0.875000,0.750000,0.718750,0.875000,0.781250,0.656250,0.843750,0.812500,0.718750,0.968750,0.937500,0.937500,0.968750,0.906250,0.812500,1.000000,0.968750,0.968750,1.000000,1.000000,1.000000,0.937500,0.875000,0.875000,1.000000,1.000000,1.000000
ar_ex2_nba_nba4,0.468750,0.500000,0.937500,0.843750,0.750000,0.906250,0.781250,0.656250,0.906250,0.781250,0.687500,0.843750,0.812500,0.718750,1.000000,1.000000,1.000000,0.968750,0.968750,0.843750,1.000000,1.000000,1.000000,1.000000,1.000000,1.000000,0.968750,0.937500,0.875000,1.000000,1.000000,1.000000
ar_ex2_nba_nba5,0.531250,0.468750,1.000000,0.937500,0.875000,0.875000,0.812500,0.718750,0.937500,0.812500,0.687500,0.875000,0.718750,0.625000,1.000000,1.000000,1.000000,1.000000,0.968750,0.843750,1.000000,1.000000,1.000000,1.000000,0.968750,0.968750,0.968750,0.906250,0.875000,1.000000,1.000000,1.000000
ar_ex2_nba_nba6,0.500000,0.500000,1.000000,0.968750,0.937500,0.968750,0.875000,0.750000,0.937500,0.843750,0.687500,0.968750,0.875000,0.687500,1.000000,1.000000,1.000000,1.000000,0.937500,0.906250,1.000000,1.000000,1.000000,1.000000,1.000000,1.000000,1.000000,1.000000,1.000000,1.000000,1.000000,1.000000
ar_ex2_nba_nba7,0.500000,0.500000,0.937500,0.843750,0.781250,0.875000,0.781250,0.687500,0.906250,0.812500,0.718750,0.906250,0.875000,0.781250,0.968750,0.968750,0.968750,0.968750,0.875000,0.875000,0.968750,0.968750,0.968750,1.000000,1.000000,1.000000,0.968750,0.937500,0.937500,1.000000,1.000000,1.000000
ar_ex2_nba_nba8,0.531250,0.531250,0.968750,0.906250,0.843750,0.843750,0.718750,0.687500,0.937500,0.875000,0.750000,0.875000,0.812500,0.687500,0.968750,0.968750,0.968750,1.000000,0.968750,0.906250,1.000000,0.968750,0.968750,1.000000,1.000000,1.000000,0.968750,0.937500,0.843750,1.000000,1.000000,1.000000
ar_ex2_nba_nba9,0.562500,0.406250,0.937500,0.843750,0.812500,0.906250,0.750000,0.656250,0.875000,0.812500,0.718750,0.906250,0.875000,0.750000,1.000000,1.000000,0.968750,0.968750,0.906250,0.843750,1.000000,1.000000,1.000000,1.000000,1.000000,0.968750,0.968750,0.875000,0.875000,1.000000,1.000000,1.000000
ar_ex2_painting_painting1,0.531250,0.531250,0.906250,0.843750,0.812500,0.875000,0.875000,0.718750,0.906250,0.781250,0.687500,0.906250,0.843750,0.625000,1.000000,1.000000,0.968750,0.968750,0.906250,0.875000,1.000000,1.000000,1.000000,1.000000,1.000000,1.000000,0.937500,0.906250,0.875000,1.000000,1.000000,1.000000
ar_ex2_painting_painting10,0.531250,0.562500,0.937500,0.875000,0.843750,0.906250,0.812500,0.656250,0.906250,0.843750,0.718750,0.937500,0.812500,0.718750,1.000000,1.000000,1.000000,1.000000,0.906250,0.875000,1.000000,1.000000,1.000000,1.000000,0.968750,0.968750,0.937500,0.906250,0.875000,1.000000,1.000000,1.000000
ar_ex2_painting_painting2,0.562500,0.531250,0.968750,0.968750,0.843750,0.968750,0.750000,0.687500,1.000000,0.875000,0.781250,0.906250,0.781250,0.562500,1.000000,1.000000,1.000000,1.000000,0.968750,0.937500,1.000000,1.000000,1.000000,1.000000,1.000000,1.000000,1.000000,0.968750,0.937500,1.000000,1.000000,1.000000
ar_ex2_painting_painting3,0.468750,0.500000,1.000000,0.968750,0.937500,0.968750,0.781250,0.687500,0.937500,0.906250,0.781250,0.937500,0.875000,0.718750,1.000000,1.000000,1.000000,1.000000,0.906250,0.875000,1.000000,1.000000,1.000000,1.000000,0.968750,0.968750,1.000000,0.968750,0.906250,1.000000,1.000000,1.000000
ar_ex2_painting_painting4,0.500000,0.500000,0.968750,0.906250,0.906250,0.906250,0.812500,0.718750,0.906250,0.843750,0.625000,0.906250,0.843750,0.750000,1.000000,0.968750,0.968750,0.968750,0.937500,0.875000,1.000000,1.000000,1.000000,0.968750,0.937500,0.937500,0.937500,0.937500,0.906250,0.968750,0.968750,0.968750
ar_ex2_painting_painting5,0.437500,0.500000,0.968750,0.937500,0.843750,0.937500,0.843750,0.718750,0.968750,0.843750,0.750000,0.875000,0.750000,0.656250,1.000000,1.000000,1.000000,1.000000,0.968750,0.875000,1.000000,1.000000,1.000000,1.000000,1.000000,0.968750,0.968750,0.937500,0.843750,1.000000,1.000000,1.000000
ar_ex2_painting_painting6,0.437500,0.500000,0.937500,0.906250,0.843750,0.906250,0.812500,0.718750,0.937500,0.812500,0.656250,0.875000,0.812500,0.625000,1.000000,1.000000,0.968750,1.000000,0.906250,0.875000,1.000000,1.000000,1.000000,1.000000,1.000000,1.000000,1.000000,0.937500,0.875000,1.000000,1.000000,1.000000
ar_ex2_painting_painting7,0.468750,0.468750,1.000000,0.843750,0.781250,0.843750,0.843750,0.812500,0.875000,0.718750,0.656250,0.812500,0.750000,0.656250,1.000000,1.000000,0.968750,0.968750,0.968750,0.843750,1.000000,1.000000,1.000000,1.000000,1.000000,1.000000,1.000000,0.968750,0.937500,1.000000,1.000000,1.000000
ar_ex2_painting_painting8,0.468750,0.562500,0.968750,0.937500,0.875000,0.968750,0.812500,0.718750,0.968750,0.843750,0.718750,0.906250,0.781250,0.656250,1.000000,1.000000,1.000000,1.000000,1.000000,0.875000,1.000000,1.000000,1.000000,1.000000,1.000000,1.000000,1.000000,0.937500,0.906250,1.000000,1.000000,1.000000
ar_ex2_view_view1,0.531250,0.500000,1.000000,0.906250,0.906250,0.937500,0.875000,0.781250,0.937500,0.812500,0.718750,0.875000,0.781250,0.656250,1.000000,1.000000,0.968750,1.000000,0.937500,0.875000,1.000000,1.000000,0.968750,1.000000,1.000000,1.000000,0.968750,0.937500,0.906250,1.000000,1.000000,1.000000
ar_ex2_view_view10,0.531250,0.468750,1.000000,0.968750,0.937500,0.937500,0.843750,0.718750,0.875000,0.875000,0.718750,0.906250,0.812500,0.656250,1.000000,1.000000,1.000000,1.000000,0.937500,0.937500,1.000000,1.000000,1.000000,1.000000,1.000000,1.000000,1.000000,1.000000,0.937500,1.000000,1.000000,1.000000
ar_ex2_view_view2,0.500000,0.531250,1.000000,0.937500,0.875000,0.875000,0.781250,0.718750,0.875000,0.781250,0.718750,0.875000,0.812500,0.687500,1.000000,0.968750,0.968750,0.968750,0.968750,0.875000,1.000000,0.968750,0.968750,1.000000,1.000000,0.968750,0.937500,0.906250,0.875000,1.000000,1.000000,1.000000
ar_ex2_view_view3,0.531250,0.437500,0.937500,0.875000,0.843750,0.937500,0.875000,0.781250,0.937500,0.875000,0.781250,0.875000,0.781250,0.656250,1.000000,1.000000,1.000000,1.000000,0.968750,0.843750,1.000000,1.000000,1.000000,1.000000,1.000000,0.968750,0.968750,0.937500,0.906250,1.000000,1.000000,1.000000
ar_ex2_view_view4,0.531250,0.593750,1.000000,1.000000,0.906250,0.968750,0.937500,0.812500,0.968750,0.843750,0.656250,0.937500,0.843750,0.781250,1.000000,1.000000,1.000000,1.000000,0.937500,0.906250,1.000000,1.000000,1.000000,1.000000,1.000000,1.000000,1.000000,1.000000,0.968750,1.000000,1.000000,1.000000
ar_ex2_view_view5,0.500000,0.468750,0.937500,0.875000,0.812500,0.937500,0.812500,0.750000,0.875000,0.843750,0.687500,0.875000,0.781250,0.656250,1.000000,1.000000,1.000000,0.968750,0.906250,0.843750,1.000000,1.000000,1.000000,1.000000,1.000000,1.000000,1.000000,0.968750,0.937500,1.000000,1.000000,1.000000
ar_ex2_view_view6,0.500000,0.531250,1.000000,0.906250,0.843750,0.937500,0.875000,0.781250,0.937500,0.812500,0.625000,0.937500,0.843750,0.687500,1.000000,1.000000,1.000000,0.968750,0.906250,0.812500,1.000000,1.000000,1.000000,1.000000,0.968750,0.968750,0.968750,0.906250,0.875000,0.968750,1.000000,1.000000
ar_ex2_view_view7,0.500000,0.500000,0.937500,0.937500,0.875000,0.906250,0.718750,0.656250,0.937500,0.812500,0.718750,0.937500,0.875000,0.718750,1.000000,1.000000,1.000000,1.000000,1.000000,0.968750,1.000000,1.000000,1.000000,1.000000,1.000000,1.000000,0.968750,0.937500,0.906250,1.000000,1.000000,1.000000
ar_ex2_view_view8,0.468750,0.500000,0.968750,0.906250,0.843750,0.875000,0.781250,0.656250,0.875000,0.781250,0.656250,0.812500,0.781250,0.687500,0.968750,0.968750,0.968750,0.968750,0.843750,0.750000,0.968750,0.968750,0.968750,0.968750,0.968750,0.968750,1.000000,0.937500,0.812500,1.000000,1.000000,1.000000
ar_ex2_view_view9,0.500000,0.468750,0.968750,0.906250,0.812500,0.906250,0.843750,0.718750,0.937500,0.875000,0.718750,0.906250,0.812500,0.625000,0.968750,0.968750,0.968750,0.968750,0.906250,0.875000,1.000000,1.000000,0.968750,0.968750,0.968750,0.968750,0.968750,0.937500,0.906250,1.000000,1.000000,1.000000
